,count,mean,std,min,25%,50%,75%,max
TV,4572.0,54.06685664182376,26.09646128844928,10.0,32.0,53.0,77.0,100.0
Radio,4572.0,18.160355892662654,9.672723463132824,0.000683948,10.54651917,17.875180735,25.6474755575,48.87116125
Social Media,4572.0,3.3239561613854605,2.2112175860559593,3.13e-05,1.529878794,3.0571495315,4.805831764,13.98166208
Influencer_Mega,4572.0,0.2532808398950131,0.4349379634250696,0.0,0.0,0.0,1.0,1.0
Influencer_Micro,4572.0,0.2521872265966754,0.43431565365811675,0.0,0.0,0.0,1.0,1.0
Influencer_Nano,4572.0,0.24912510936132984,0.4325537109423763,0.0,0.0,0.0,0.0,1.0
Sales,4572.0,192.46660210662034,93.07194729454334,31.19940869,112.3976601,189.6325298,272.4149135,364.0797515
